Date,Submitted By,New Count,Profile DB Count,Total
01-Dec-25,Ronald,0,3,3
01-Oct-25,Chandra Bose,1,0,1
01-Oct-25,Deepak,1,0,1
01-Oct-25,Thennarasu,2,0,2
02-Oct-25,Chandra Bose,1,2,3
02-Oct-25,Deepak,0,3,3
02-Oct-25,Thennarasu,3,0,3
03-Nov-25,Deepak,0,1,1
03-Oct-25,Chandra Bose,1,1,2
03-Oct-25,Deepak,0,1,1
03-Oct-25,Thennarasu,3,0,3
04-Dec-25,Chandra Bose,1,1,2
04-Dec-25,Ronald,0,2,2
04-Nov-25,Chandra Bose,2,0,2
04-Nov-25,Gokulnath K S,0,0,0
04-Nov-25,Thennarasu,1,0,1
05-Dec-25,Chandra Bose,1,1,2
05-Dec-25,Deepak,0,1,1
05-Dec-25,Ronald,0,1,1
05-Dec-25,Thennarasu,0,1,1
05-Nov-25,Chandra Bose,0,0,0
05-Nov-25,DeeJay,3,0,3
05-Nov-25,Deepak,0,0,0
05-Nov-25,Gokulnath K S,1,0,1
05-Nov-25,Ronald,1,0,1
05-Nov-25,Thennarasu,3,0,3
06-Nov-25,Deepak,0,0,0
06-Nov-25,Thennarasu,1,0,1
06-Oct-25,Deepak,1,1,2
06-Oct-25,Thennarasu,1,0,1
07-Nov-25,Deepak,1,0,1
07-Nov-25,Ronald,1,0,1
07-Nov-25,Thennarasu,0,0,0
07-Oct-25,Chandra Bose,1,1,2
07-Oct-25,Deepak,1,0,1
07-Oct-25,Thennarasu,0,1,1
08-Dec-25,Chandra Bose,1,0,1
08-Dec-25,Ronald,1,0,1
08-Dec-25,Thennarasu,1,0,1
08-Oct-25,Deepak,0,2,2
09-Dec-25,Ronald,0,1,1
09-Oct-25,Chandra Bose,0,2,2
09-Oct-25,Deepak,0,1,1
09-Oct-25,Thennarasu,0,5,5
10-Dec-25,Chandra Bose,0,1,1
10-Dec-25,Deepak,0,1,1
10-Nov-25,Chandra Bose,1,0,1
10-Nov-25,Deepak,1,0,1
10-Nov-25,Gokulnath K S,1,0,1
10-Nov-25,Thennarasu,1,0,1
10-Oct-25,Thennarasu,2,2,4
11-Dec-25,Chandra Bose,0,2,2
11-Dec-25,Deepak,0,2,2
11-Nov-25,Deepak,0,0,0
12-Nov-25,DeeJay,0,0,0
12-Nov-25,Ronald,1,0,1
12-Nov-25,Thennarasu,1,0,1
13-Nov-25,Thennarasu,2,0,2
14-Nov-25,Chandra Bose,0,2,2
14-Nov-25,DeeJay,1,0,1
14-Nov-25,Ronald,0,1,1
14-Oct-25,Thennarasu,0,4,4
15-Dec-25,Chandra Bose,0,0,0
15-Dec-25,Deepak,0,0,0
15-Oct-25,Chandra Bose,0,1,1
15-Oct-25,Ronald,1,0,1
16-Dec-25,Chandra Bose,1,0,1
16-Dec-25,Deepak,0,0,0
16-Dec-25,Thennarasu,2,0,2
16-Oct-25,Chandra Bose,0,1,1
16-Oct-25,Deepak,0,1,1
16-Oct-25,Ronald,0,1,1
16-Oct-25,Thennarasu,1,0,1
17-Dec-25,Deepak,0,0,0
17-Dec-25,Thennarasu,1,0,1
17-Nov-25,Chandra Bose,0,2,2
17-Nov-25,Deepak,1,1,2
17-Nov-25,Gokulnath K S,1,0,1
17-Nov-25,Ronald,0,1,1
17-Nov-25,Thennarasu,1,1,2
17-Oct-25,Chandra Bose,1,0,1
17-Oct-25,Ronald,0,1,1
17-Oct-25,Thennarasu,1,4,5
18-Dec-25,Chandra Bose,1,0,1
18-Dec-25,Deepak,1,0,1
18-Nov-25,Ronald,0,1,1
19-Dec-25,Ronald,0,2,2
20-Nov-25,Ronald,0,1,1
20-Nov-25,Thennarasu,3,0,3
21-Nov-25,Deepak,0,2,2
21-Nov-25,Gokulnath K S,0,0,0
21-Nov-25,Ronald,1,0,1
21-Nov-25,Thennarasu,1,0,1
21-Oct-25,Deepak,2,0,2
21-Oct-25,Ronald,0,2,2
21-Oct-25,Thennarasu,0,3,3
22-Dec-25,Deepak,0,1,1
22-Dec-25,Thennarasu,0,2,2
22-Oct-25,Chandra Bose,2,1,3
22-Oct-25,Deepak,0,2,2
22-Oct-25,Gokulnath K S,0,1,1
23-Dec-25,Chandra Bose,0,2,2
23-Dec-25,Deepak,0,1,1
23-Dec-25,Ronald,0,1,1
23-Oct-25,Deepak,1,0,1
23-Oct-25,Thennarasu,0,2,2
24-Nov-25,Ronald,0,1,1
24-Oct-25,Deepak,0,1,1
24-Oct-25,Thennarasu,2,2,4
25-Nov-25,Deepak,1,1,2
27-Oct-25,Chandra Bose,0,1,1
27-Oct-25,Deepak,0,1,1
27-Oct-25,Gokulnath K S,0,1,1
27-Oct-25,Thennarasu,2,0,2
28-Oct-25,Chandra Bose,0,1,1
28-Oct-25,Thennarasu,2,0,2
29-Dec-25,Chandra Bose,0,2,2
29-Dec-25,Deepak,0,1,1
29-Dec-25,Gokulnath K S,0,1,1
30-Dec-25,Chandra Bose,0,1,1
30-Dec-25,Deepak,0,1,1
30-Oct-25,Chandra Bose,0,1,1
30-Oct-25,Deepak,1,0,1
Apr,TS,2,0,2
Aug,Chandrabose,0,2,2
Aug,Deepak,0,7,7
Aug,Robinson,0,4,4
Aug,Sundaresan,3,0,3
Feb,Kathir,5,0,5
Feb,TS,18,0,18
Jan,Kathir,24,0,24
Jan,TS,7,0,7
July,Ganesan,3,0,3
Jun,Ganesan,3,0,3
Mar,Kathir,5,0,5
Mar,TS,23,0,23
May,Kathir,5,0,5
Oct,Thennarasu,1,0,1
Sep,Chandra Bose,1,3,4
Sep,Chandra bose,1,1,2
Sep,Chandrabose,0,2,2
Sep,Deepak,0,15,15
Sep,Kathir,5,0,5
Sep,Robinson,1,0,1
Sep,Thennarasu,21,5,26
Unknown,Unknown,0,0,0
